_id,name,origin_country
ObjectId(5fcd50d9a0081a6c47fcde88),Marvel Studios,US
ObjectId(5fcd50d9a0081a6c47fcde89),Dune Entertainment,US
ObjectId(5fcd50d9a0081a6c47fcde8a),Lightstorm Entertainment,US
ObjectId(5fcd50d9a0081a6c47fcde8b),20th Century Fox,US
ObjectId(5fcd50d9a0081a6c47fcde8c),Ingenious Media,GB
ObjectId(5fcd50d9a0081a6c47fcde8d),Paramount,US
ObjectId(5fcd50d9a0081a6c47fcde8e),Truenorth Productions,IS
ObjectId(5fcd50d9a0081a6c47fcde8f),Lucasfilm Ltd.,US
ObjectId(5fcd50d9a0081a6c47fcde90),Bad Robot,US
ObjectId(5fcd50d9a0081a6c47fcde91),Amblin Entertainment,US
ObjectId(5fcd50d9a0081a6c47fcde92),Legendary Pictures,US
ObjectId(5fcd50d9a0081a6c47fcde93),Universal Pictures,US
ObjectId(5fcd50d9a0081a6c47fcde94),DENTSU,JP
ObjectId(5fcd50d9a0081a6c47fcde95),The Kennedy/Marshall Company,US
ObjectId(5fcd50d9a0081a6c47fcde96),Walt Disney Pictures,US
ObjectId(5fcd50d9a0081a6c47fcde97),Fairview Entertainment,US
ObjectId(5fcd50d9a0081a6c47fcde98),Abu Dhabi Film Commission,
ObjectId(5fcd50d9a0081a6c47fcde99),China Film Co.,CN
ObjectId(5fcd50d9a0081a6c47fcde9a),Original Film,US
ObjectId(5fcd50d9a0081a6c47fcde9b),Fuji Television Network,JP
ObjectId(5fcd50d9a0081a6c47fcde9c),Québec Production Services Tax Credit,
ObjectId(5fcd50d9a0081a6c47fcde9d),"Colorado Office of Film, Television & Media",
ObjectId(5fcd50d9a0081a6c47fcde9e),MRC,US
ObjectId(5fcd50d9a0081a6c47fcde9f),One Race,US
ObjectId(5fcd50d9a0081a6c47fcdea0),Walt Disney Animation Studios,US
ObjectId(5fcd50d9a0081a6c47fcdea1),Warner Bros. Pictures,US
ObjectId(5fcd50d9a0081a6c47fcdea2),Heyday Films,GB
ObjectId(5fcd50d9a0081a6c47fcdea3),Perfect World Pictures,CN
ObjectId(5fcd50d9a0081a6c47fcdea4),Mandeville Films,US
ObjectId(5fcd50d9a0081a6c47fcdea5),Pixar,US
ObjectId(5fcd50d9a0081a6c47fcdea6),Fuji Eight Company Ltd.,
ObjectId(5fcd50d9a0081a6c47fcdea7),Illumination Entertainment,US
ObjectId(5fcd50d9a0081a6c47fcdea8),DC Comics,US
ObjectId(5fcd50d9a0081a6c47fcdea9),DC Entertainment,US
ObjectId(5fcd50d9a0081a6c47fcdeaa),The Safran Company,US
ObjectId(5fcd50d9a0081a6c47fcdeab),Rodeo FX,
ObjectId(5fcd50d9a0081a6c47fcdeac),Panoramic Pictures,CA
ObjectId(5fcd50d9a0081a6c47fcdead),DC Films,US
ObjectId(5fcd50d9a0081a6c47fcdeae),Cruel & Unusual Films,US
ObjectId(5fcd50d9a0081a6c47fcdeaf),Columbia Pictures,US
ObjectId(5fcd50d9a0081a6c47fcdeb0),Pascal Pictures,US
ObjectId(5fcd50d9a0081a6c47fcdeb1),Sony Pictures,US
ObjectId(5fcd50d9a0081a6c47fcdeb2),Stereo D,US
ObjectId(5fcd50d9a0081a6c47fcdeb3),Hasbro,
ObjectId(5fcd50d9a0081a6c47fcdeb4),Di Bonaventura Pictures,US
ObjectId(5fcd50d9a0081a6c47fcdeb5),Tom DeSanto & Don Murphy Production,
ObjectId(5fcd50d9a0081a6c47fcdeb6),New Line Cinema,US
ObjectId(5fcd50d9a0081a6c47fcdeb7),WingNut Films,NZ
ObjectId(5fcd50d9a0081a6c47fcdeb8),The Saul Zaentz Company,US
ObjectId(5fcd50d9a0081a6c47fcdeb9),Danjaq,US
ObjectId(5fcd50d9a0081a6c47fcdeba),United Artists,US
ObjectId(5fcd50d9a0081a6c47fcdebb),Eon Productions,GB
ObjectId(5fcd50d9a0081a6c47fcdebc),Metro-Goldwyn-Mayer,US
ObjectId(5fcd50d9a0081a6c47fcdebd),B23,
ObjectId(5fcd50d9a0081a6c47fcdebe),Hasbro Studios,US
ObjectId(5fcd50d9a0081a6c47fcdebf),Syncopy,GB
ObjectId(5fcd50d9a0081a6c47fcdec0),Joint Effort,US
ObjectId(5fcd50d9a0081a6c47fcdec1),Village Roadshow Pictures,US
ObjectId(5fcd50d9a0081a6c47fcdec2),Bron Studios,CA
ObjectId(5fcd50d9a0081a6c47fcdec3),Creative Wealth Media Finance,CA
ObjectId(5fcd50d9a0081a6c47fcdec4),British Film Commission,
ObjectId(5fcd50d9a0081a6c47fcdec5),Jerry Bruckheimer Films,US
ObjectId(5fcd50d9a0081a6c47fcdec6),Second Mate Productions,US
ObjectId(5fcd50d9a0081a6c47fcdec7),Lin Pictures,US
ObjectId(5fcd50d9a0081a6c47fcdec8),Rideback,US
ObjectId(5fcd50d9a0081a6c47fcdec9),Marc Platt Productions,US
ObjectId(5fcd50d9a0081a6c47fcdeca),Moving Picture Company,GB
ObjectId(5fcd50d9a0081a6c47fcdecb),Roth Films,US
ObjectId(5fcd50d9a0081a6c47fcdecc),Team Todd,
ObjectId(5fcd50d9a0081a6c47fcdecd),Tim Burton Productions,
ObjectId(5fcd50d9a0081a6c47fcdece),The Zanuck Company,US
ObjectId(5fcd50d9a0081a6c47fcdecf),Isobel Griffiths,GB
ObjectId(5fcd50d9a0081a6c47fcded0),"Walid Motion Pictures Co., Ltd",
ObjectId(5fcd50d9a0081a6c47fcded1),1492 Pictures,US
ObjectId(5fcd50d9a0081a6c47fcded2),Radar Pictures,US
ObjectId(5fcd50d9a0081a6c47fcded3),Matt Tolmach Productions,US
ObjectId(5fcd50d9a0081a6c47fcded4),Seven Bucks Productions,US
ObjectId(5fcd50d9a0081a6c47fcded5),3Foot7,NZ
ObjectId(5fcd50d9a0081a6c47fcded6),DreamWorks Pictures,US
ObjectId(5fcd50d9a0081a6c47fcded7),Pacific Data Images,US
ObjectId(5fcd50d9a0081a6c47fcded8),DreamWorks Animation,US
ObjectId(5fcd50d9a0081a6c47fcded9),Patalex IV Productions Limited,
ObjectId(5fcd50d9a0081a6c47fcdeda),GK Films,GB
ObjectId(5fcd50d9a0081a6c47fcdedb),Regency Enterprises,US
ObjectId(5fcd50d9a0081a6c47fcdedc),Queen Films,GB
ObjectId(5fcd50d9a0081a6c47fcdedd),Tribeca Productions,US
ObjectId(5fcd50d9a0081a6c47fcdede),New Regency Pictures,US
ObjectId(5fcd50d9a0081a6c47fcdedf),Laura Ziskin Productions,
ObjectId(5fcd50d9a0081a6c47fcdee0),Blue Sky Studios,US
ObjectId(5fcd50d9a0081a6c47fcdee1),20th Century Fox Animation,US
ObjectId(5fcd50d9a0081a6c47fcdee2),B24,GB
ObjectId(5fcd50d9a0081a6c47fcdee3),LStar Capital,US
ObjectId(5fcd50d9a0081a6c47fcdee4),Zak Productions,
ObjectId(5fcd50d9a0081a6c47fcdee5),RatPac-Dune Entertainment,US
ObjectId(5fcd50d9a0081a6c47fcdee6),Atlas Entertainment,US
ObjectId(5fcd50d9a0081a6c47fcdee7),Spring Era Film Company,
ObjectId(5fcd50d9a0081a6c47fcdee8),Beijing Dongfang International Cultural Communications Company,
ObjectId(5fcd50d9a0081a6c47fcdee9),Beijing Century Media Culture,
ObjectId(5fcd50d9a0081a6c47fcdeea),Chao Feng Pictures,
ObjectId(5fcd50d9a0081a6c47fcdeeb),Orange Image,
ObjectId(5fcd50d9a0081a6c47fcdeec),Avi Arad Productions,US
ObjectId(5fcd50d9a0081a6c47fcdeed),Marvel Entertainment,US
ObjectId(5fcd50d9a0081a6c47fcdeee),Tencent Pictures,CN
ObjectId(5fcd50d9a0081a6c47fcdeef),Lionsgate,US
ObjectId(5fcd50d9a0081a6c47fcdef0),Color Force,US
ObjectId(5fcd50d9a0081a6c47fcdef1),Summit Entertainment,US
ObjectId(5fcd50d9a0081a6c47fcdef2),Temple Hill Entertainment,US
ObjectId(5fcd50d9a0081a6c47fcdef3),Sunswept Entertainment,
ObjectId(5fcd50d9a0081a6c47fcdef4),Wanda Pictures,CN
ObjectId(5fcd50d9a0081a6c47fcdef5),Marvel Enterprises,US
ObjectId(5fcd50d9a0081a6c47fcdef6),Centropolis Entertainment,
ObjectId(5fcd50d9a0081a6c47fcdef7),HartBeat Productions,US
ObjectId(5fcd50d9a0081a6c47fcdef8),Teitler Film,
ObjectId(5fcd50d9a0081a6c47fcdef9),Infinitum Nihil,US
ObjectId(5fcd50d9a0081a6c47fcdefa),Skydance Media,US
ObjectId(5fcd50d9a0081a6c47fcdefb),TC Productions,
ObjectId(5fcd50d9a0081a6c47fcdefc),Alibaba Pictures Group,CN
ObjectId(5fcd50d9a0081a6c47fcdefd),Relativity Media,US
ObjectId(5fcd50d9a0081a6c47fcdefe),F & F VI Productions A.I.E,
ObjectId(5fcd50d9a0081a6c47fcdeff),Kinberg Genre,US
ObjectId(5fcd50d9a0081a6c47fcdf00),The Donners' Company,US
ObjectId(5fcd50d9a0081a6c47fcdf01),TSG Entertainment,US
ObjectId(5fcd50d9a0081a6c47fcdf02),Farewell Productions,
ObjectId(5fcd50d9a0081a6c47fcdf03),The Mark Gordon Company,US
ObjectId(5fcd50d9a0081a6c47fcdf04),Imagine Entertainment,US
ObjectId(5fcd50d9a0081a6c47fcdf05),Skylark Productions,
ObjectId(5fcd50d9a0081a6c47fcdf06),Chris Morgan Productions,US
ObjectId(5fcd50d9a0081a6c47fcdf07),Third Act Productions,
ObjectId(5fcd50d9a0081a6c47fcdf08),Warner Bros. Entertainment,US
ObjectId(5fcd50d9a0081a6c47fcdf09),Bad Hat Harry Productions,US
ObjectId(5fcd50d9a0081a6c47fcdf0a),Walden Media,US
ObjectId(5fcd50d9a0081a6c47fcdf0b),Maximum Effort,US
ObjectId(5fcd50d9a0081a6c47fcdf0c),Silver Pictures,US
ObjectId(5fcd50d9a0081a6c47fcdf0d),NPV Entertainment,US
ObjectId(5fcd50d9a0081a6c47fcdf0e),Esperanto Filmoj,US
ObjectId(5fcd50d9a0081a6c47fcdf0f),TSBD Canada Productions,
ObjectId(5fcd50d9a0081a6c47fcdf10),TSBD Louisiana,
ObjectId(5fcd50d9a0081a6c47fcdf11),TSBD Productions,
ObjectId(5fcd50d9a0081a6c47fcdf12),Total Entertainment,BR
ObjectId(5fcd50d9a0081a6c47fcdf13),Chernin Entertainment,US
ObjectId(5fcd50d9a0081a6c47fcdf14),Maverick Films,US
ObjectId(5fcd50d9a0081a6c47fcdf15),Imprint Entertainment,US
ObjectId(5fcd50d9a0081a6c47fcdf16),SprocketHeads,
ObjectId(5fcd50d9a0081a6c47fcdf17),thinkfilm,US
ObjectId(5fcd50d9a0081a6c47fcdf18),Vertigo Entertainment,US
ObjectId(5fcd50d9a0081a6c47fcdf19),KatzSmith Productions,US
ObjectId(5fcd50d9a0081a6c47fcdf1a),Revolution Sun Studios,US
ObjectId(5fcd50d9a0081a6c47fcdf1b),Kontsept Film Company,
ObjectId(5fcd50d9a0081a6c47fcdf1c),Hurwitz Creative,
ObjectId(5fcd50d9a0081a6c47fcdf1d),Beijing Enlight Pictures,CN
ObjectId(5fcd50d9a0081a6c47fcdf1e),Horgos Coloroom Pictures,
ObjectId(5fcd50d9a0081a6c47fcdf1f),China Movie Channel,CN
ObjectId(5fcd50d9a0081a6c47fcdf20),Odin,
ObjectId(5fcd50d9a0081a6c47fcdf21),Lynda Obst Productions,
ObjectId(5fcd50d9a0081a6c47fcdf22),Spyglass Entertainment,US
ObjectId(5fcd50d9a0081a6c47fcdf23),Hollywood Pictures,US
ObjectId(5fcd50d9a0081a6c47fcdf24),Barry Mendel Productions,US
ObjectId(5fcd50d9a0081a6c47fcdf25),Lensbern Productions,US
ObjectId(5fcd50d9a0081a6c47fcdf26),The Canadian Film or Video Production Tax Credit (CPTC),CA
ObjectId(5fcd50d9a0081a6c47fcdf27),FortyFour Studios,
ObjectId(5fcd50d9a0081a6c47fcdf28),Studio Babelsberg,DE
ObjectId(5fcd50d9a0081a6c47fcdf29),Scott Free Productions,GB
ObjectId(5fcd50d9a0081a6c47fcdf2a),Mid Atlantic Films,HU
ObjectId(5fcd50d9a0081a6c47fcdf2b),International Traders,
ObjectId(5fcd50d9a0081a6c47fcdf2c),Genre Films,US
ObjectId(5fcd50d9a0081a6c47fcdf2d),GH Three,US
ObjectId(5fcd50d9a0081a6c47fcdf2e),Blue Light,US
ObjectId(5fcd50d9a0081a6c47fcdf2f),Weed Road Pictures,US
ObjectId(5fcd50d9a0081a6c47fcdf30),Forward Pass,US
ObjectId(5fcd50d9a0081a6c47fcdf31),Overbrook Entertainment,US
ObjectId(5fcd50d9a0081a6c47fcdf32),Hemisphere Media Capital,
ObjectId(5fcd50d9a0081a6c47fcdf33),Parkes+MacDonald Image Nation,
ObjectId(5fcd50d9a0081a6c47fcdf34),Imagenation Abu Dhabi FZ,AE
ObjectId(5fcd50d9a0081a6c47fcdf35),Hutch Parker Entertainment,US
ObjectId(5fcd50d9a0081a6c47fcdf36),Digital Image Associates,
ObjectId(5fcd50d9a0081a6c47fcdf37),Icon Productions,US
ObjectId(5fcd50d9a0081a6c47fcdf38),Littlestar,GB
ObjectId(5fcd50d9a0081a6c47fcdf39),Playtone,US
ObjectId(5fcd50d9a0081a6c47fcdf3a),Internationale Filmproduktion Richter,DE
ObjectId(5fcd50d9a0081a6c47fcdf3b),Mad Hatter Entertainment,US
ObjectId(5fcd50d9a0081a6c47fcdf3c),Fox 2000 Pictures,US
ObjectId(5fcd50d9a0081a6c47fcdf3d),Haishang Films,
ObjectId(5fcd50d9a0081a6c47fcdf3e),Big Screen Productions,
ObjectId(5fcd50d9a0081a6c47fcdf3f),Ingenious Film Partners,
ObjectId(5fcd50d9a0081a6c47fcdf40),Netter Productions,US
ObjectId(5fcd50d9a0081a6c47fcdf41),Ian Bryce Productions,
ObjectId(5fcd50d9a0081a6c47fcdf42),Huahua Media,CN
ObjectId(5fcd50d9a0081a6c47fcdf43),Stillking Films,CZ
ObjectId(5fcd50d9a0081a6c47fcdf44),Casino Royale Productions,
ObjectId(5fcd50d9a0081a6c47fcdf45),Government of the Commonwealth of the Bahamas,
ObjectId(5fcd50d9a0081a6c47fcdf46),Cruise/Wagner Productions,
ObjectId(5fcd50d9a0081a6c47fcdf47),B22,
ObjectId(5fcd50d9a0081a6c47fcdf48),Living Films,
ObjectId(5fcd50d9a0081a6c47fcdf49),Green Hat Films,US
ObjectId(5fcd50d9a0081a6c47fcdf4a),De Line Pictures,US
ObjectId(5fcd50d9a0081a6c47fcdf4b),Farah Films & Management,
ObjectId(5fcd50d9a0081a6c47fcdf4c),Reliance Entertainment,IN
ObjectId(5fcd50d9a0081a6c47fcdf4d),Bona Film Group,CN
ObjectId(5fcd50d9a0081a6c47fcdf4e),The P.L.A Navy Government TV Art Central of China,
ObjectId(5fcd50d9a0081a6c47fcdf4f),Star Dream Studio Media,
ObjectId(5fcd50d9a0081a6c47fcdf50),Emperor Film Production,
ObjectId(5fcd50d9a0081a6c47fcdf51),Film Fireworks Production,
ObjectId(5fcd50d9a0081a6c47fcdf52),ZAK Film Productions,
ObjectId(5fcd50d9a0081a6c47fcdf53),21 Laps Entertainment,US
ObjectId(5fcd50d9a0081a6c47fcdf54),Sun Canada Productions,
ObjectId(5fcd50d9a0081a6c47fcdf55),Walt Disney Productions,US
ObjectId(5fcd50d9a0081a6c47fcdf56),Focus Features,US
ObjectId(5fcd50d9a0081a6c47fcdf57),Michael De Luca Productions,US
ObjectId(5fcd50d9a0081a6c47fcdf58),Trigger Street Productions,US
ObjectId(5fcd50d9a0081a6c47fcdf59),Sony Pictures Animation,US
ObjectId(5fcd50d9a0081a6c47fcdf5a),Kerner Entertainment Company,
ObjectId(5fcd50d9a0081a6c47fcdf5b),Big Primate Pictures,
ObjectId(5fcd50d9a0081a6c47fcdf5c),MFPV Film,
ObjectId(5fcd50d9a0081a6c47fcdf5d),China Film Group,
ObjectId(5fcd50d9a0081a6c47fcdf5e),Edko Films Ltd.,TW
ObjectId(5fcd50d9a0081a6c47fcdf5f),Touchstone Pictures,US
ObjectId(5fcd50d9a0081a6c47fcdf60),Valhalla Motion Pictures,US
ObjectId(5fcd50d9a0081a6c47fcdf61),Fuzzy Door Productions,US
ObjectId(5fcd50d9a0081a6c47fcdf62),Munich Film Partners & Company (MFP) MI2 Productions,
ObjectId(5fcd50d9a0081a6c47fcdf63),Mel's Cite du Cinema,
ObjectId(5fcd50d9a0081a6c47fcdf64),Lions Gate Films,US
ObjectId(5fcd50d9a0081a6c47fcdf65),Beagle Pug Films,GB
ObjectId(5fcd50d9a0081a6c47fcdf66),Allison Shearmur Productions,US
ObjectId(5fcd50d9a0081a6c47fcdf67),Mad Chance Productions,
ObjectId(5fcd50d9a0081a6c47fcdf68),22 & Indiana Pictures,
ObjectId(5fcd50d9a0081a6c47fcdf69),Malpaso Productions,US
ObjectId(5fcd50d9a0081a6c47fcdf6a),Monarchy Enterprises S.a.r.l.,
ObjectId(5fcd50d9a0081a6c47fcdf6b),Appian Way,US
ObjectId(5fcd50d9a0081a6c47fcdf6c),CatchPlay,
ObjectId(5fcd50d9a0081a6c47fcdf6d),Anonymous Content,US
ObjectId(5fcd50d9a0081a6c47fcdf6e),Hong Kong Alpha Motion Pictures Co.,
ObjectId(5fcd50d9a0081a6c47fcdf6f),M Productions,
ObjectId(5fcd50d9a0081a6c47fcdf70),2DUX²,
ObjectId(5fcd50d9a0081a6c47fcdf71),Apparatus Productions,
ObjectId(5fcd50d9a0081a6c47fcdf72),Latina Pictures,MT
ObjectId(5fcd50d9a0081a6c47fcdf73),Plan B Entertainment,US
ObjectId(5fcd50d9a0081a6c47fcdf74),Apelles Entertainment,US
ObjectId(5fcd50d9a0081a6c47fcdf75),Gravity Pictures,CN
ObjectId(5fcd50d9a0081a6c47fcdf76),Flagship Entertainment Group,CN
ObjectId(5fcd50d9a0081a6c47fcdf77),Maeday Productions,
ObjectId(5fcd50d9a0081a6c47fcdf78),"Toho Company, Ltd.",JP
ObjectId(5fcd50d9a0081a6c47fcdf79),Disruption Entertainment,
ObjectId(5fcd50d9a0081a6c47fcdf7a),AKOM Production Company,
ObjectId(5fcd50d9a0081a6c47fcdf7b),Gracie Films,US
ObjectId(5fcd50d9a0081a6c47fcdf7c),Rough Draft Feature Animation,
ObjectId(5fcd50d9a0081a6c47fcdf7d),Film Roman,US
ObjectId(5fcd50d9a0081a6c47fcdf7e),The Curiosity Company,US
ObjectId(5fcd50d9a0081a6c47fcdf7f),Wigram Productions,US
ObjectId(5fcd50d9a0081a6c47fcdf80),Internationale Filmproduktion Blackbird Dritte,
ObjectId(5fcd50d9a0081a6c47fcdf81),Pearl Studio,CN
ObjectId(5fcd50d9a0081a6c47fcdf82),Carolco Pictures,US
ObjectId(5fcd50d9a0081a6c47fcdf83),TriStar Pictures,US
ObjectId(5fcd50d9a0081a6c47fcdf84),StudioCanal,FR
ObjectId(5fcd50d9a0081a6c47fcdf85),Everyman Pictures,US
ObjectId(5fcd50d9a0081a6c47fcdf86),Nimar Studios,BG
ObjectId(5fcd50d9a0081a6c47fcdf87),Radiant Productions,
ObjectId(5fcd50d9a0081a6c47fcdf88),Helena Productions,GB
ObjectId(5fcd50d9a0081a6c47fcdf89),Constant c Productions,US
ObjectId(5fcd50d9a0081a6c47fcdf8a),Thunder Road,US
ObjectId(5fcd50d9a0081a6c47fcdf8b),Pit Bull Productions,
ObjectId(5fcd50d9a0081a6c47fcdf8c),Shady Acres Entertainment,US
ObjectId(5fcd50d9a0081a6c47fcdf8d),Dune Entertainment III,US
ObjectId(5fcd50d9a0081a6c47fcdf8e),Mutual Film Company,
ObjectId(5fcd50d9a0081a6c47fcdf8f),Epsilon Motion Pictures,CH
ObjectId(5fcd50d9a0081a6c47fcdf90),Nickelodeon Movies,US
ObjectId(5fcd50d9a0081a6c47fcdf91),Platinum Dunes,US
ObjectId(5fcd50d9a0081a6c47fcdf92),Hughes Entertainment,
ObjectId(5fcd50d9a0081a6c47fcdf93),Theobald Film Productions,
ObjectId(5fcd50d9a0081a6c47fcdf94),Flynn Picture Company,US
ObjectId(5fcd50d9a0081a6c47fcdf95),Zanuck/Brown Productions,US
ObjectId(5fcd50d9a0081a6c47fcdf96),IFP Westcoast Erste,
ObjectId(5fcd50d9a0081a6c47fcdf97),LEGO,DK
ObjectId(5fcd50d9a0081a6c47fcdf98),Warner Animation Group,US
ObjectId(5fcd50d9a0081a6c47fcdf99),Allspark Pictures,US
ObjectId(5fcd50d9a0081a6c47fcdf9a),Bay Films,
ObjectId(5fcd50d9a0081a6c47fcdf9b),Tom DeSanto/Don Murphy Production,
ObjectId(5fcd50d9a0081a6c47fcdf9c),Kurtzman/Orci,
ObjectId(5fcd50d9a0081a6c47fcdf9d),Red Wagon Entertainment,US
ObjectId(5fcd50d9a0081a6c47fcdf9e),Mill Film,GB
ObjectId(5fcd50d9a0081a6c47fcdf9f),C & L,MT
ObjectId(5fcd50d9a0081a6c47fcdfa0),Dawliz,MA
ObjectId(5fcd50d9a0081a6c47fcdfa1),Groucho II Film Partnership,
ObjectId(5fcd50d9a0081a6c47fcdfa2),Silver Screen Partners IV,US
ObjectId(5fcd50d9a0081a6c47fcdfa3),Beijing Diqi Yinxiang Entertainment,
ObjectId(5fcd50d9a0081a6c47fcdfa4),Huayi Brothers Media,CN
ObjectId(5fcd50d9a0081a6c47fcdfa5),Major Studio Partners,US
ObjectId(5fcd50d9a0081a6c47fcdfa6),X3 Canada Productions,
ObjectId(5fcd50d9a0081a6c47fcdfa7),X3US Productions,
ObjectId(5fcd50d9a0081a6c47fcdfa8),XM3 Service,
ObjectId(5fcd50d9a0081a6c47fcdfa9),Saturn Films,US
ObjectId(5fcd50d9a0081a6c47fcdfaa),Junction Entertainment,US
ObjectId(5fcd50d9a0081a6c47fcdfab),Sparkler Entertainment,
ObjectId(5fcd50d9a0081a6c47fcdfac),NT2 Productions,
ObjectId(5fcd50d9a0081a6c47fcdfad),EuropaCorp,FR
ObjectId(5fcd50d9a0081a6c47fcdfae),Canal+,FR
ObjectId(5fcd50d9a0081a6c47fcdfaf),Ciné+,FR
ObjectId(5fcd50d9a0081a6c47fcdfb0),TF1 Films Production,FR
ObjectId(5fcd50d9a0081a6c47fcdfb1),Bedford Falls Productions,US
ObjectId(5fcd50d9a0081a6c47fcdfb2),Cruise-Wagner Productions,
ObjectId(5fcd50d9a0081a6c47fcdfb3),Jerry Weintraub Productions,US
ObjectId(5fcd50d9a0081a6c47fcdfb4),Section Eight,US
ObjectId(5fcd50d9a0081a6c47fcdfb5),Edgar Rice Burroughs Inc.,
ObjectId(5fcd50d9a0081a6c47fcdfb6),Black Label Media,US
ObjectId(5fcd50d9a0081a6c47fcdfb7),Gilbert Films,US
ObjectId(5fcd50d9a0081a6c47fcdfb8),Impostor Pictures,US
ObjectId(5fcd50d9a0081a6c47fcdfb9),Mega-Vision Pictures (MVP),HK
ObjectId(5fcd50d9a0081a6c47fcdfba),Infinitus Entertainment,
ObjectId(5fcd50d9a0081a6c47fcdfbb),Alphaville Films,
ObjectId(5fcd50d9a0081a6c47fcdfbc),Bagdasarian Productions,
ObjectId(5fcd50d9a0081a6c47fcdfbd),Ludlum Entertainment,
ObjectId(5fcd50d9a0081a6c47fcdfbe),Motion Picture BETA Produktionsgesellschaft,
ObjectId(5fcd50d9a0081a6c47fcdfbf),Bourne Again,
ObjectId(5fcd50d9a0081a6c47fcdfc0),KanZaman Services,
ObjectId(5fcd50d9a0081a6c47fcdfc1),Peninsula Films,
ObjectId(5fcd50d9a0081a6c47fcdfc2),Working Title Films,GB
ObjectId(5fcd50d9a0081a6c47fcdfc3),Cameron Mackintosh Ltd.,
ObjectId(5fcd50d9a0081a6c47fcdfc4),Hoya Productions,
ObjectId(5fcd50d9a0081a6c47fcdfc5),Blue Wolf Productions,
ObjectId(5fcd50d9a0081a6c47fcdfc6),Intermedia Films,
ObjectId(5fcd50d9a0081a6c47fcdfc7),C-2 Pictures,
ObjectId(5fcd50d9a0081a6c47fcdfc8),IMF Internationale Medien und Film GmbH & Co. 3. Produktions KG,DE
ObjectId(5fcd50d9a0081a6c47fcdfc9),Mostow/Lieberman Productions,
ObjectId(5fcd50d9a0081a6c47fcdfca),22 & Green,US
ObjectId(5fcd50d9a0081a6c47fcdfcb),Gerber Pictures,US
ObjectId(5fcd50d9a0081a6c47fcdfcc),Live Nation Productions,US
ObjectId(5fcd50d9a0081a6c47fcdfcd),Blizzard Entertainment,US
ObjectId(5fcd50d9a0081a6c47fcdfce),The Pokémon Company,JP
ObjectId(5fcd50d9a0081a6c47fcdfcf),Province of British Columbia Production Services Tax Credit,
ObjectId(5fcd50d9a0081a6c47fcdfd0),Nintendo,JP
ObjectId(5fcd50d9a0081a6c47fcdfd1),Creatures,
ObjectId(5fcd50d9a0081a6c47fcdfd2),GAME FREAK,JP
ObjectId(5fcd50d9a0081a6c47fcdfd3),ImageMovers,US
ObjectId(5fcd50d9a0081a6c47fcdfd4),Gaumont,FR
ObjectId(5fcd50d9a0081a6c47fcdfd5),CinéCinéma,
ObjectId(5fcd50d9a0081a6c47fcdfd6),Quad Productions,FR
ObjectId(5fcd50d9a0081a6c47fcdfd7),Chaocorp,
ObjectId(5fcd50d9a0081a6c47fcdfd8),Ten Films,FR
ObjectId(5fcd50d9a0081a6c47fcdfd9),TF1,FR
ObjectId(5fcd50d9a0081a6c47fcdfda),Wrigley Pictures,US
ObjectId(5fcd50d9a0081a6c47fcdfdb),7 Bucks Entertainment,
ObjectId(5fcd50d9a0081a6c47fcdfdc),ASAP Entertainment,
ObjectId(5fcd50d9a0081a6c47fcdfdd),Twisted Media,US
ObjectId(5fcd50d9a0081a6c47fcdfde),The Weinstein Company,US
ObjectId(5fcd50d9a0081a6c47fcdfdf),Tig Productions,
ObjectId(5fcd50d9a0081a6c47fcdfe0),Majestic Films International,
ObjectId(5fcd50d9a0081a6c47fcdfe1),Virtual Studios,US
ObjectId(5fcd50d9a0081a6c47fcdfe2),Hollywood Gang Productions,US
ObjectId(5fcd50d9a0081a6c47fcdfe3),Atmosphere Entertainment MM,US
ObjectId(5fcd50d9a0081a6c47fcdfe4),Ozumi Films,
ObjectId(5fcd50d9a0081a6c47fcdfe5),Propeler,SI
ObjectId(5fcd50d9a0081a6c47fcdfe6),Silverbell Films,
ObjectId(5fcd50d9a0081a6c47fcdfe7),2.0 Entertainment,US
ObjectId(5fcd50d9a0081a6c47fcdfe8),Don Simpson/Jerry Bruckheimer Films,US
ObjectId(5fcd50d9a0081a6c47fcdfe9),A Film Location Company,ES
ObjectId(5fcd50d9a0081a6c47fcdfea),Captivate Entertainment,
ObjectId(5fcd50d9a0081a6c47fcdfeb),Pearl Street Films,US
ObjectId(5fcd50d9a0081a6c47fcdfec),Double Negative,
ObjectId(5fcd50d9a0081a6c47fcdfed),Darren Star Productions,US
ObjectId(5fcd50d9a0081a6c47fcdfee),HBO,US
ObjectId(5fcd50d9a0081a6c47fcdfef),Marv Films,GB
ObjectId(5fcd50d9a0081a6c47fcdff0),Cloudy Productions,GB
ObjectId(5fcd50d9a0081a6c47fcdff1),UK Film Council,GB
ObjectId(5fcd50d9a0081a6c47fcdff2),Momentum Pictures,CA
ObjectId(5fcd50d9a0081a6c47fcdff3),Aegis Film Fund,
ObjectId(5fcd50d9a0081a6c47fcdff4),Molinare Investment,
ObjectId(5fcd50d9a0081a6c47fcdff5),FilmNation Entertainment,US
ObjectId(5fcd50d9a0081a6c47fcdff6),See-Saw Films,GB
ObjectId(5fcd50d9a0081a6c47fcdff7),Bedlam Productions,GB
ObjectId(5fcd50d9a0081a6c47fcdff8),Museum Canada Productions,
ObjectId(5fcd50d9a0081a6c47fcdff9),Polygram Entertainment,US
ObjectId(5fcd50d9a0081a6c47fcdffa),The Guber-Peters Company,
ObjectId(5fcd50d9a0081a6c47fcdffb),Kasdan Pictures,
ObjectId(5fcd50d9a0081a6c47fcdffc),Shangri-La Entertainment,US
ObjectId(5fcd50d9a0081a6c47fcdffd),Secret Hideout,US
ObjectId(5fcd50d9a0081a6c47fcdffe),Dark Universe,
ObjectId(5fcd50d9a0081a6c47fcdfff),Sean Daniel Company,US
ObjectId(5fcd50d9a0081a6c47fce000),Blinding Edge Pictures,US
ObjectId(5fcd50d9a0081a6c47fce001),XF2 Canada Productions,
ObjectId(5fcd50d9a0081a6c47fce002),Double Dare You Productions,US
ObjectId(5fcd50d9a0081a6c47fce003),Troublemaker Studios,US
ObjectId(5fcd50d9a0081a6c47fce004),"Sommers Company, The",
ObjectId(5fcd50d9a0081a6c47fce005),Beijing Happy Pictures,
ObjectId(5fcd50d9a0081a6c47fce006),China Film Co-Production Corporation,
ObjectId(5fcd50d9a0081a6c47fce007),Giant Studios,
ObjectId(5fcd50d9a0081a6c47fce008),Hivemind,US
ObjectId(5fcd50d9a0081a6c47fce009),Nowita Pictures,
ObjectId(5fcd50d9a0081a6c47fce00a),Shanghai Film Group,CN
ObjectId(5fcd50d9a0081a6c47fce00b),Brandywine Productions,US
ObjectId(5fcd50d9a0081a6c47fce00c),Selznick International Pictures,US
ObjectId(5fcd50d9a0081a6c47fce00d),LivePlanet,
ObjectId(5fcd50d9a0081a6c47fce00e),Prana Studios,
ObjectId(5fcd50d9a0081a6c47fce00f),Sean Bailey Productions,
ObjectId(5fcd50d9a0081a6c47fce010),MI 3 Film,
ObjectId(5fcd50d9a0081a6c47fce011),The Fourth Production Company Film Group,
ObjectId(5fcd50d9a0081a6c47fce012),China Film Group Corporation,CN
ObjectId(5fcd50d9a0081a6c47fce013),Cinecittá Studios,
ObjectId(5fcd50d9a0081a6c47fce014),Croatian Audiovisual Centre,
ObjectId(5fcd50d9a0081a6c47fce015),Goldcrest,GB
ObjectId(5fcd50d9a0081a6c47fce016),Twilight Productions,US
ObjectId(5fcd50d9a0081a6c47fce017),EMJAG Productions,
ObjectId(5fcd50d9a0081a6c47fce018),Red Granite Pictures,
ObjectId(5fcd50d9a0081a6c47fce019),Sikelia Productions,US
ObjectId(5fcd50d9a0081a6c47fce01a),Paramount Home Entertainment,US
ObjectId(5fcd50d9a0081a6c47fce01b),Peters Entertainment,
ObjectId(5fcd50d9a0081a6c47fce01c),Red Sun Productions Pty. Ltd.,
ObjectId(5fcd50d9a0081a6c47fce01d),Morgan Creek Productions,US
ObjectId(5fcd50d9a0081a6c47fce01e),MavroCine Pictures GmbH & Co. KG,
ObjectId(5fcd50d9a0081a6c47fce01f),Kennedy Miller Productions,AU
ObjectId(5fcd50d9a0081a6c47fce020),Animal Logic,AU
ObjectId(5fcd50d9a0081a6c47fce021),Cheyenne Enterprises,
ObjectId(5fcd50d9a0081a6c47fce022),Wintergreen Productions,
ObjectId(5fcd50d9a0081a6c47fce023),Centropolis Film Productions,
ObjectId(5fcd50d9a0081a6c47fce024),Independent Pictures (II),
ObjectId(5fcd50d9a0081a6c47fce025),Fried Films,
ObjectId(5fcd50d9a0081a6c47fce026),Celador Films,
ObjectId(5fcd50d9a0081a6c47fce027),Film4 Productions,GB
ObjectId(5fcd50d9a0081a6c47fce028),Grive Productions,
ObjectId(5fcd50d9a0081a6c47fce029),M6 Films,FR
ObjectId(5fcd50d9a0081a6c47fce02a),Karma Film Prod,
ObjectId(5fcd50d9a0081a6c47fce02b),Taken 2,
ObjectId(5fcd50d9a0081a6c47fce02c),Universum Film,DE
ObjectId(5fcd50d9a0081a6c47fce02d),Lord Miller,US
ObjectId(5fcd50d9a0081a6c47fce02e),Neal Street Productions,GB
ObjectId(5fcd50d9a0081a6c47fce02f),New Republic Pictures,US
ObjectId(5fcd50d9a0081a6c47fce030),Amblin Partners,US
ObjectId(5fcd50d9a0081a6c47fce031),Moving Picture Company,
ObjectId(5fcd50d9a0081a6c47fce032),Mogambo Films,ES
ObjectId(5fcd50d9a0081a6c47fce033),Patalex III Productions Limited,
ObjectId(5fcd50d9a0081a6c47fce034),Seed Productions,US
ObjectId(5fcd50d9a0081a6c47fce035),Depth of Field,US
ObjectId(5fcd50d9a0081a6c47fce036),Scholastic Productions,US
ObjectId(5fcd50d9a0081a6c47fce037),Saints LA,
ObjectId(5fcd50d9a0081a6c47fce038),The Halcyon Company,
ObjectId(5fcd50d9a0081a6c47fce039),Wonderland Sound and Vision,US
ObjectId(5fcd50d9a0081a6c47fce03a),Viz Media,
ObjectId(5fcd50d9a0081a6c47fce03b),3 Arts Entertainment,US
ObjectId(5fcd50d9a0081a6c47fce03c),Pacific Standard,
ObjectId(5fcd50d9a0081a6c47fce03d),Artemple - Hollywood,US
ObjectId(5fcd50d9a0081a6c47fce03e),Ontario Film Development Corporation,
ObjectId(5fcd50d9a0081a6c47fce03f),Gold Circle Films,US
ObjectId(5fcd50d9a0081a6c47fce040),MPH Entertainment Productions,
ObjectId(5fcd50d9a0081a6c47fce041),Cinergi Pictures Entertainment,
ObjectId(5fcd50d9a0081a6c47fce042),Atomic Monster,US
ObjectId(5fcd50d9a0081a6c47fce043),Notting Hill Pictures,
ObjectId(5fcd50d9a0081a6c47fce044),Bookshop Productions,
ObjectId(5fcd50d9a0081a6c47fce045),PolyGram Filmed Entertainment,US
ObjectId(5fcd50d9a0081a6c47fce046),WV Films III,
ObjectId(5fcd50d9a0081a6c47fce047),Protozoa Pictures,US
ObjectId(5fcd50d9a0081a6c47fce048),Blue Tulip Productions,
ObjectId(5fcd50d9a0081a6c47fce049),Ronald Shusett/Gary Goldman,
ObjectId(5fcd50d9a0081a6c47fce04a),CoMix Wave Films,JP
ObjectId(5fcd50d9a0081a6c47fce04b),Dark Horse Entertainment,US
ObjectId(5fcd50d9a0081a6c47fce04c),Riche Productions,
ObjectId(5fcd50d9a0081a6c47fce04d),Panorama Films,IT
ObjectId(5fcd50d9a0081a6c47fce04e),Jinks/Cohen Company,
ObjectId(5fcd50d9a0081a6c47fce04f),Contrafilm,
ObjectId(5fcd50d9a0081a6c47fce050),TF1 International,FR
ObjectId(5fcd50d9a0081a6c47fce051),Star Partners II Ltd.,
ObjectId(5fcd50d9a0081a6c47fce052),Parkes/MacDonald Productions,
ObjectId(5fcd50d9a0081a6c47fce053),Kemp Company,
ObjectId(5fcd50d9a0081a6c47fce054),Splendid Pictures,
ObjectId(5fcd50d9a0081a6c47fce055),Agatha Christie Limited,GB
ObjectId(5fcd50d9a0081a6c47fce056),K/O Paper Products,US
ObjectId(5fcd50d9a0081a6c47fce057),SOIXAN7E QUIN5E,
ObjectId(5fcd50d9a0081a6c47fce058),See Me Louisiana,
ObjectId(5fcd50d9a0081a6c47fce059),Dino De Laurentiis Company,US
ObjectId(5fcd50d9a0081a6c47fce05a),Olive Bridge Entertainment,US
ObjectId(5fcd50d9a0081a6c47fce05b),Screen Australia,AU
ObjectId(5fcd50d9a0081a6c47fce05c),Screen NSW,AU
ObjectId(5fcd50d9a0081a6c47fce05d),Spectrum Films,AU
ObjectId(5fcd50d9a0081a6c47fce05e),Bazmark Films,
ObjectId(5fcd50d9a0081a6c47fce05f),A+E Studios,US
ObjectId(5fcd50d9a0081a6c47fce060),Rovio Entertainment,FI
ObjectId(5fcd50d9a0081a6c47fce061),Rovio Animation,FI
ObjectId(5fcd50d9a0081a6c47fce062),Manhattan Project,
ObjectId(5fcd50d9a0081a6c47fce063),Lucamar Productions,
ObjectId(5fcd50d9a0081a6c47fce064),Gotham Group,US
ObjectId(5fcd50d9a0081a6c47fce065),Dayday Films,GB
ObjectId(5fcd50d9a0081a6c47fce066),NeoReel,
ObjectId(5fcd50d9a0081a6c47fce067),Davis Entertainment,US
ObjectId(5fcd50d9a0081a6c47fce068),Laurence Mark Productions,US
ObjectId(5fcd50d9a0081a6c47fce069),Canlaws Productions,
ObjectId(5fcd50d9a0081a6c47fce06a),Mediastream Vierte Film GmbH & Co. Vermarktungs KG,
ObjectId(5fcd50d9a0081a6c47fce06b),Rox Productions,
ObjectId(5fcd50d9a0081a6c47fce06c),Revolution Studios,US
ObjectId(5fcd50d9a0081a6c47fce06d),Maple Cage Productions,CA
ObjectId(5fcd50d9a0081a6c47fce06e),RK films,
ObjectId(5fcd50d9a0081a6c47fce06f),LUNI Productions GmbH and Company KG,
ObjectId(5fcd50d9a0081a6c47fce070),Perfect Storm Entertainment,US
ObjectId(5fcd50d9a0081a6c47fce071),Sneaky Shark,US
ObjectId(5fcd50d9a0081a6c47fce072),Hanna-Barbera Productions,US
ObjectId(5fcd50d9a0081a6c47fce073),Kickstart,US
ObjectId(5fcd50d9a0081a6c47fce074),Bazelevs Production,RU
ObjectId(5fcd50d9a0081a6c47fce075),Top Cow Productions,US
ObjectId(5fcd50d9a0081a6c47fce076),Ringerike Zweite Filmproduktion,DE
ObjectId(5fcd50d9a0081a6c47fce077),Sunday Night,US
ObjectId(5fcd50d9a0081a6c47fce078),Josephson Entertainment,
ObjectId(5fcd50d9a0081a6c47fce079),Andalasia Productions,
ObjectId(5fcd50d9a0081a6c47fce07a),Right Coast,US
ObjectId(5fcd50d9a0081a6c47fce07b),TIK Films,CN
ObjectId(5fcd50d9a0081a6c47fce07c),4Kids Entertainment,
ObjectId(5fcd50d9a0081a6c47fce07d),OLM,JP
ObjectId(5fcd50d9a0081a6c47fce07e),Pikachu Project,JP
ObjectId(5fcd50d9a0081a6c47fce07f),Shogakukan Production,JP
ObjectId(5fcd50d9a0081a6c47fce080),Kumar Mobiliengesellschaft mbH & Co. Projekt Nr. 3 KG,
ObjectId(5fcd50d9a0081a6c47fce081),Constantin Film,DE
ObjectId(5fcd50d9a0081a6c47fce082),Bernd Eichinger Productions,
ObjectId(5fcd50d9a0081a6c47fce083),U-Drive Productions,US
ObjectId(5fcd50d9a0081a6c47fce084),Legendary East,
ObjectId(5fcd50d9a0081a6c47fce085),Le Vision Pictures,
ObjectId(5fcd50d9a0081a6c47fce086),Kava Productions,
ObjectId(5fcd50d9a0081a6c47fce087),Nancy Tenenbaum Films,
ObjectId(5fcd50d9a0081a6c47fce088),Silver Screen Partners III,
ObjectId(5fcd50d9a0081a6c47fce089),Fox Searchlight Pictures,US
ObjectId(5fcd50d9a0081a6c47fce08a),Cross Creek Pictures,US
ObjectId(5fcd50d9a0081a6c47fce08b),Rimfire Films,
ObjectId(5fcd50d9a0081a6c47fce08c),Juno Pix,
ObjectId(5fcd50d9a0081a6c47fce08d),Cecchi Gori Pictures,
ObjectId(5fcd50d9a0081a6c47fce08e),87Eleven,US
ObjectId(5fcd50d9a0081a6c47fce08f),M6,FR
ObjectId(5fcd50d9a0081a6c47fce090),Taken 3,
ObjectId(5fcd50d9a0081a6c47fce091),Baltimore Spring Creek Productions,
ObjectId(5fcd50d9a0081a6c47fce092),Red Hour,US
ObjectId(5fcd50d9a0081a6c47fce093),St. Petersburg Clearwater Film Commission,
ObjectId(5fcd50d9a0081a6c47fce094),Lakeshore Entertainment,US
ObjectId(5fcd50d9a0081a6c47fce095),A Band Apart,US
ObjectId(5fcd50d9a0081a6c47fce096),Zehnte Babelsberg Film,DE
ObjectId(5fcd50d9a0081a6c47fce097),Visiona Romantica,US
ObjectId(5fcd50d9a0081a6c47fce098),Great Oaks Entertainment,
ObjectId(5fcd50d9a0081a6c47fce099),Evergreen Media Group,
ObjectId(5fcd50d9a0081a6c47fce09a),Soho VFX,
ObjectId(5fcd50d9a0081a6c47fce09b),K-Star,FR
ObjectId(5fcd50d9a0081a6c47fce09c),France 2 Cinéma,FR
ObjectId(5fcd50d9a0081a6c47fce09d),Participant Media,US
ObjectId(5fcd50d9a0081a6c47fce09e),Industrial Light & Magic,US
ObjectId(5fcd50d9a0081a6c47fce09f),Eddie Murphy Productions,US
ObjectId(5fcd50d9a0081a6c47fce0a0),Beacon Communications,
ObjectId(5fcd50d9a0081a6c47fce0a1),Beacon Pictures,
ObjectId(5fcd50d9a0081a6c47fce0a2),Etalon-Film,RU
ObjectId(5fcd50d9a0081a6c47fce0a3),Nu Image,US
ObjectId(5fcd50d9a0081a6c47fce0a4),Millennium Films,US
ObjectId(5fcd50d9a0081a6c47fce0a5),Screen Gems,US
ObjectId(5fcd50d9a0081a6c47fce0a6),Constantin Film,DE
ObjectId(5fcd50d9a0081a6c47fce0a7),Impact Pictures,CA
ObjectId(5fcd50d9a0081a6c47fce0a8),Davis Films,FR
ObjectId(5fcd50d9a0081a6c47fce0a9),Eric's Boy,
ObjectId(5fcd50d9a0081a6c47fce0aa),Warner Bros. Animation,US
ObjectId(5fcd50d9a0081a6c47fce0ab),Paramount Animation,US
ObjectId(5fcd50d9a0081a6c47fce0ac),Nickelodeon Animation Studio,US
ObjectId(5fcd50d9a0081a6c47fce0ad),United Plankton Pictures,US
ObjectId(5fcd50d9a0081a6c47fce0ae),Golden Mean,
ObjectId(5fcd50d9a0081a6c47fce0af),Castle Rock Entertainment,US
ObjectId(5fcd50d9a0081a6c47fce0b0),Aamir Khan Productions,IN
ObjectId(5fcd50d9a0081a6c47fce0b1),UTV Motion Pictures,IN
ObjectId(5fcd50d9a0081a6c47fce0b2),Interscope Communications,
ObjectId(5fcd50d9a0081a6c47fce0b3),T-Street Productions,US
ObjectId(5fcd50d9a0081a6c47fce0b4),Leonine,
ObjectId(5fcd50d9a0081a6c47fce0b5),Alcon Entertainment,US
ObjectId(5fcd50d9a0081a6c47fce0b6),Left Tackle Pictures,
ObjectId(5fcd50d9a0081a6c47fce0b7),Zucker/Netter Productions,US
ObjectId(5fcd50d9a0081a6c47fce0b8),Escape Artists,US
ObjectId(5fcd50d9a0081a6c47fce0b9),Miramax,US
ObjectId(5fcd50d9a0081a6c47fce0ba),Producers Circle,
ObjectId(5fcd50d9a0081a6c47fce0bb),Storyline Entertainment,US
ObjectId(5fcd50d9a0081a6c47fce0bc),Blur Studios,US
ObjectId(5fcd50d9a0081a6c47fce0bd),Marza Animation Planet,JP
ObjectId(5fcd50d9a0081a6c47fce0be),SEGA,JP
ObjectId(5fcd50d9a0081a6c47fce0bf),DJ2 Entertainment,US
ObjectId(5fcd50d9a0081a6c47fce0c0),Digital Makeup Group,US
ObjectId(5fcd50d9a0081a6c47fce0c1),Stories International,JP
ObjectId(5fcd50d9a0081a6c47fce0c2),Giant Pictures,
ObjectId(5fcd50d9a0081a6c47fce0c3),Origo Film Group,
ObjectId(5fcd50d9a0081a6c47fce0c4),Julia Phillips and Michael Phillips Productions,
ObjectId(5fcd50d9a0081a6c47fce0c5),EMI Films,GB
ObjectId(5fcd50d9a0081a6c47fce0c6),Company Films,US
ObjectId(5fcd50d9a0081a6c47fce0c7),Start Motion Pictures,
ObjectId(5fcd50d9a0081a6c47fce0c8),Bluegrass Films,US
ObjectId(5fcd50d9a0081a6c47fce0c9),Film 44,US
ObjectId(5fcd50d9a0081a6c47fce0ca),Cott Productions,US
ObjectId(5fcd50d9a0081a6c47fce0cb),"Furia de Titanes II, A.I.E.",
ObjectId(5fcd50d9a0081a6c47fce0cc),Winkler Films,US
ObjectId(5fcd50d9a0081a6c47fce0cd),Dovemead Films,
ObjectId(5fcd50d9a0081a6c47fce0ce),Film Export A.G.,
ObjectId(5fcd50d9a0081a6c47fce0cf),Global Medien KG,
ObjectId(5fcd50d9a0081a6c47fce0d0),Franklin/Waterman Productions,US
ObjectId(5fcd50d9a0081a6c47fce0d1),Legend3D,
ObjectId(5fcd50d9a0081a6c47fce0d2),Angry Films,
ObjectId(5fcd50d9a0081a6c47fce0d3),Larger Than Life Productions,US
ObjectId(5fcd50d9a0081a6c47fce0d4),Rahway Road Productions,US
ObjectId(5fcd50d9a0081a6c47fce0d5),Smoke House Pictures,US
ObjectId(5fcd50d9a0081a6c47fce0d6),Gratitude International,
ObjectId(5fcd50d9a0081a6c47fce0d7),Moving Pictures,US
ObjectId(5fcd50d9a0081a6c47fce0d8),SCOPE Pictures,BE
ObjectId(5fcd50d9a0081a6c47fce0d9),Delphi Films,US
ObjectId(5fcd50d9a0081a6c47fce0da),Black Rhino Productions,LB
ObjectId(5fcd50d9a0081a6c47fce0db),Springwood Productions,
ObjectId(5fcd50d9a0081a6c47fce0dc),Genetics Productions,
ObjectId(5fcd50d9a0081a6c47fce0dd),Management Company Entertainment Group (MCEG),
ObjectId(5fcd50d9a0081a6c47fce0de),Phoenix Pictures,US
ObjectId(5fcd50d9a0081a6c47fce0df),Joseph M. Singer Entertainment,
ObjectId(5fcd50d9a0081a6c47fce0e0),Whamaphram Productions,
ObjectId(5fcd50d9a0081a6c47fce0e1),The Third Floor,
ObjectId(5fcd50d9a0081a6c47fce0e2),Media Asia Films,
ObjectId(5fcd50d9a0081a6c47fce0e3),Initial Entertainment Group (IEG),
ObjectId(5fcd50d9a0081a6c47fce0e4),UpperRoom Productions,
ObjectId(5fcd50d9a0081a6c47fce0e5),Clear Angle Studios,
ObjectId(5fcd50d9a0081a6c47fce0e6),Double Negative (DNEG),
ObjectId(5fcd50d9a0081a6c47fce0e7),Hypnotic,
ObjectId(5fcd50d9a0081a6c47fce0e8),Motion Picture THETA Produktionsgesellschaft,
ObjectId(5fcd50d9a0081a6c47fce0e9),Apatow Productions,US
ObjectId(5fcd50d9a0081a6c47fce0ea),HBO Films,US
ObjectId(5fcd50d9a0081a6c47fce0eb),The Harvey Entertainment Company,US
ObjectId(5fcd50d9a0081a6c47fce0ec),Columbus 81 Productions,
ObjectId(5fcd50d9a0081a6c47fce0ed),Liveplanet,
ObjectId(5fcd50d9a0081a6c47fce0ee),Zide-Perry Productions,
ObjectId(5fcd50d9a0081a6c47fce0ef),Brownstone Productions,US
ObjectId(5fcd50d9a0081a6c47fce0f0),Darkwoods Productions,US
ObjectId(5fcd50d9a0081a6c47fce0f1),Robert Wise Productions,
ObjectId(5fcd50d9a0081a6c47fce0f2),Argyle Enterprises,
ObjectId(5fcd50d9a0081a6c47fce0f3),Monolith Pictures (III),
ObjectId(5fcd50d9a0081a6c47fce0f4),Radical Studios,US
ObjectId(5fcd50d9a0081a6c47fce0f5),QED International,US
ObjectId(5fcd50d9a0081a6c47fce0f6),Alpha Core,
ObjectId(5fcd50d9a0081a6c47fce0f7),Simon Kinberg Productions,US
ObjectId(5fcd50d9a0081a6c47fce0f8),Donner/Shuler-Donner Productions,
ObjectId(5fcd50d9a0081a6c47fce0f9),Avery Pix,US
ObjectId(5fcd50d9a0081a6c47fce0fa),Tapestry Films,US
ObjectId(5fcd50d9a0081a6c47fce0fb),Little Bird,GB
ObjectId(5fcd50d9a0081a6c47fce0fc),Birnbaum/Barber,
ObjectId(5fcd50d9a0081a6c47fce0fd),Cineroma SRL,
ObjectId(5fcd50d9a0081a6c47fce0fe),Blumhouse Productions,US
ObjectId(5fcd50d9a0081a6c47fce0ff),Brad Grey Pictures,
ObjectId(5fcd50d9a0081a6c47fce100),Gold/Miller Productions,
ObjectId(5fcd50d9a0081a6c47fce101),Wayans Bros. Entertainment,
ObjectId(5fcd50d9a0081a6c47fce102),Dimension Films,US
ObjectId(5fcd50d9a0081a6c47fce103),Arka Media Works,
ObjectId(5fcd50d9a0081a6c47fce104),Mosaic Media Group,
ObjectId(5fcd50d9a0081a6c47fce105),Studio Ghibli,JP
ObjectId(5fcd50d9a0081a6c47fce106),Toho-Towa,
ObjectId(5fcd50d9a0081a6c47fce107),Lawrence Gordon Productions,
ObjectId(5fcd50d9a0081a6c47fce108),BBC,GB
ObjectId(5fcd50d9a0081a6c47fce109),Marubeni,
ObjectId(5fcd50d9a0081a6c47fce10a),Eidos Interactive,GB
ObjectId(5fcd50d9a0081a6c47fce10b),Square Enix,JP
ObjectId(5fcd50d9a0081a6c47fce10c),Rogue Marble,
ObjectId(5fcd50d9a0081a6c47fce10d),Vinyl Films,US
ObjectId(5fcd50d9a0081a6c47fce10e),Bullwinkle Studios,
ObjectId(5fcd50d9a0081a6c47fce10f),Classic Media Productions,
ObjectId(5fcd50d9a0081a6c47fce110),Orion Pictures,US
ObjectId(5fcd50d9a0081a6c47fce111),Strong Heart/Demme Production,US
ObjectId(5fcd50d9a0081a6c47fce112),Happy Madison Productions,US
ObjectId(5fcd50d9a0081a6c47fce113),Good Universe,US
ObjectId(5fcd50d9a0081a6c47fce114),Point Grey Pictures,US
ObjectId(5fcd50d9a0081a6c47fce115),Mirage Enterprises,US
ObjectId(5fcd50d9a0081a6c47fce116),Vincent Newman Entertainment,
ObjectId(5fcd50d9a0081a6c47fce117),Newman/Tooley Films,
ObjectId(5fcd50d9a0081a6c47fce118),Slap Happy Productions (II),
ObjectId(5fcd50d9a0081a6c47fce119),BenderSpink,
ObjectId(5fcd50d9a0081a6c47fce11a),Matten Productions,
ObjectId(5fcd50d9a0081a6c47fce11b),Double Nickel Entertainment,US
ObjectId(5fcd50d9a0081a6c47fce11c),WV Films IV,
ObjectId(5fcd50d9a0081a6c47fce11d),Volcano Films,
ObjectId(5fcd50d9a0081a6c47fce11e),Babieka Films,ES
ObjectId(5fcd50d9a0081a6c47fce11f),Waverly Films,US
ObjectId(5fcd50d9a0081a6c47fce120),Film Rites,US
ObjectId(5fcd50d9a0081a6c47fce121),The Department of Trade and Industry of South Africa,
ObjectId(5fcd50d9a0081a6c47fce122),Moonlighting Films,ZA
ObjectId(5fcd50d9a0081a6c47fce123),Gordon Company,
ObjectId(5fcd50d9a0081a6c47fce124),Licht/Mueller Film Corporation,
ObjectId(5fcd50d9a0081a6c47fce125),Global Entertainment Productions GmbH & Company Medien KG,DE
ObjectId(5fcd50d9a0081a6c47fce126),Tall Trees Productions,US
ObjectId(5fcd50d9a0081a6c47fce127),Flower Films,US
ObjectId(5fcd50d9a0081a6c47fce128),Four by Two Films,US
ObjectId(5fcd50d9a0081a6c47fce129),One America,US
ObjectId(5fcd50d9a0081a6c47fce12a),Atlantic Television,
ObjectId(5fcd50d9a0081a6c47fce12b),Little Bird,IE
ObjectId(5fcd50d9a0081a6c47fce12c),Pink Machine,
ObjectId(5fcd50d9a0081a6c47fce12d),Tree Line Films,
ObjectId(5fcd50d9a0081a6c47fce12e),Instituto de la Cinematografía y de las Artes Audiovisuales (ICAA),
ObjectId(5fcd50d9a0081a6c47fce12f),Ministry of Finance of Spain,ES
ObjectId(5fcd50d9a0081a6c47fce130),Ministerio de Cultura,
ObjectId(5fcd50d9a0081a6c47fce131),Hungarian National Film Fund,HU
ObjectId(5fcd50d9a0081a6c47fce132),ufotable,JP
ObjectId(5fcd50d9a0081a6c47fce133),Aniplex,JP
ObjectId(5fcd50d9a0081a6c47fce134),K/O Camera Toys,
ObjectId(5fcd50d9a0081a6c47fce135),Torridon Films,US
ObjectId(5fcd50d9a0081a6c47fce136),16:14 Entertainment,US
ObjectId(5fcd50d9a0081a6c47fce137),Thunderbird Entertainment,CA
ObjectId(5fcd50d9a0081a6c47fce138),Anton Capital Entertainment (ACE),
ObjectId(5fcd50d9a0081a6c47fce139),Amazon Prime Video,
ObjectId(5fcd50d9a0081a6c47fce13a),Redwave Films,
ObjectId(5fcd50d9a0081a6c47fce13b),Channel Four Films,GB
ObjectId(5fcd50d9a0081a6c47fce13c),Barunson E&A,KR
ObjectId(5fcd50d9a0081a6c47fce13d),CJ Entertainment,KR
ObjectId(5fcd50d9a0081a6c47fce13e),Scott Rudin Productions,US
ObjectId(5fcd50d9a0081a6c47fce13f),Jersey Films,
ObjectId(5fcd50d9a0081a6c47fce140),Monkeypaw Productions,US
ObjectId(5fcd50d9a0081a6c47fce141),QC Entertainment,US
ObjectId(5fcd50d9a0081a6c47fce142),RCS Video,
ObjectId(5fcd50d9a0081a6c47fce143),Cliffhanger Productions,
ObjectId(5fcd50d9a0081a6c47fce144),Pioneer,
ObjectId(5fcd50d9a0081a6c47fce145),Shinework Media,
ObjectId(5fcd50d9a0081a6c47fce146),Taihe Entertainment,
ObjectId(5fcd50d9a0081a6c47fce147),Trancas International Films,US
ObjectId(5fcd50d9a0081a6c47fce148),Rough House Pictures,US
ObjectId(5fcd50d9a0081a6c47fce149),Wild Hogs Productions,
ObjectId(5fcd50d9a0081a6c47fce14a),Mike Zoss Productions,US
ObjectId(5fcd50d9a0081a6c47fce14b),Tiger Aspect Productions,GB
ObjectId(5fcd50d9a0081a6c47fce14c),Annapurna Pictures,US
ObjectId(5fcd50d9a0081a6c47fce14d),No Such Productions,
ObjectId(5fcd50d9a0081a6c47fce14e),Northern Lights Entertainment,US
ObjectId(5fcd50d9a0081a6c47fce14f),Courtside Seats Productions,
ObjectId(5fcd50d9a0081a6c47fce150),Haxan Films,
ObjectId(5fcd50d9a0081a6c47fce151),Artisan Entertainment,US
ObjectId(5fcd50d9a0081a6c47fce152),Limited Edition Productions Inc.,
ObjectId(5fcd50d9a0081a6c47fce153),Motion Picture Corporation of America,US
ObjectId(5fcd50d9a0081a6c47fce154),Buena Vista International,US
ObjectId(5fcd50d9a0081a6c47fce155),Blind Wink,
ObjectId(5fcd50d9a0081a6c47fce156),Team Downey,US
ObjectId(5fcd50d9a0081a6c47fce157),Krane Entertainment,
ObjectId(5fcd50d9a0081a6c47fce158),Permut Presentations,US
ObjectId(5fcd50d9a0081a6c47fce159),WCG Entertainment Productions,
ObjectId(5fcd50d9a0081a6c47fce15a),Douglas/Reuther Productions,
ObjectId(5fcd50d9a0081a6c47fce15b),5150 Action,
ObjectId(5fcd50d9a0081a6c47fce15c),Gama Entertainment Partners,
ObjectId(5fcd50d9a0081a6c47fce15d),Dan Curtis Productions,US
ObjectId(5fcd50d9a0081a6c47fce15e),Good Machine,US
ObjectId(5fcd50d9a0081a6c47fce15f),Alfran Productions,US
ObjectId(5fcd50d9a0081a6c47fce160),DNA Films,GB
ObjectId(5fcd50d9a0081a6c47fce161),Roger Birnbaum Productions,
ObjectId(5fcd50d9a0081a6c47fce162),David Brown Productions,
ObjectId(5fcd50d9a0081a6c47fce163),Mikona Productions GmbH & Co. KG,DE
ObjectId(5fcd50d9a0081a6c47fce164),Gary Sanchez Productions,US
ObjectId(5fcd50d9a0081a6c47fce165),Strike Entertainment,
ObjectId(5fcd50d9a0081a6c47fce166),Kopelson Entertainment,
ObjectId(5fcd50d9a0081a6c47fce167),Flashlight Films,US
ObjectId(5fcd50d9a0081a6c47fce168),Ubisoft,FR
ObjectId(5fcd50d9a0081a6c47fce169),Ubisoft Motion Pictures,FR
ObjectId(5fcd50d9a0081a6c47fce16a),DMC Film,
ObjectId(5fcd50d9a0081a6c47fce16b),Alpha Pictures,
ObjectId(5fcd50d9a0081a6c47fce16c),Davis Films/Impact Pictures (RE5),
ObjectId(5fcd50d9a0081a6c47fce16d),Ivanhoe Pictures,US
ObjectId(5fcd50d9a0081a6c47fce16e),Robert Stigwood Organization (RSO),
ObjectId(5fcd50d9a0081a6c47fce16f),Ardustry Entertainment,
ObjectId(5fcd50d9a0081a6c47fce170),Buena Vista Home Entertainment,
ObjectId(5fcd50d9a0081a6c47fce171),DENTSU Music And Entertainment,JP
ObjectId(5fcd50d9a0081a6c47fce172),Mitsubishi,JP
ObjectId(5fcd50d9a0081a6c47fce173),Nippon Television Network Corporation,JP
ObjectId(5fcd50d9a0081a6c47fce174),Tohokushinsha Film Corporation (TFC),
ObjectId(5fcd50d9a0081a6c47fce175),Tokuma Shoten,JP
ObjectId(5fcd50d9a0081a6c47fce176),d-rights,
ObjectId(5fcd50d9a0081a6c47fce177),Stanley Kubrick Productions,GB
ObjectId(5fcd50d9a0081a6c47fce178),Feigco Entertainment,US
ObjectId(5fcd50d9a0081a6c47fce179),Newmarket Capital Group,US
ObjectId(5fcd50d9a0081a6c47fce17a),Bristol Automotive,US
ObjectId(5fcd50d9a0081a6c47fce17b),Black Bear Pictures,US
ObjectId(5fcd50d9a0081a6c47fce17c),Earth Canada Productions,
ObjectId(5fcd50d9a0081a6c47fce17d),Hammerhead Productions,
ObjectId(5fcd50d9a0081a6c47fce17e),Ground Control,NO
ObjectId(5fcd50d9a0081a6c47fce17f),Yellow Bird,SE
ObjectId(5fcd50d9a0081a6c47fce180),Tiger Moth Productions,
ObjectId(5fcd50d9a0081a6c47fce181),Loumolo & Co.,
ObjectId(5fcd50d9a0081a6c47fce182),Mandate Pictures,US
ObjectId(5fcd50d9a0081a6c47fce183),Mr. Mudd Production,US
ObjectId(5fcd50d9a0081a6c47fce184),Lonely Film Productions GmbH & Co. KG.,
ObjectId(5fcd50d9a0081a6c47fce185),Branded Entertainment/Batfilm Productions,
ObjectId(5fcd50d9a0081a6c47fce186),3 Art Entertainment,
ObjectId(5fcd50d9a0081a6c47fce187),Levantine Films,
ObjectId(5fcd50d9a0081a6c47fce188),Mad Chance,US
ObjectId(5fcd50d9a0081a6c47fce189),Callahan Filmworks,US
ObjectId(5fcd50d9a0081a6c47fce18a),In.Ci.S. (Industria Cinematografica Siciliana),
ObjectId(5fcd50d9a0081a6c47fce18b),Melampo Cinematografica,IT
ObjectId(5fcd50d9a0081a6c47fce18c),StudioCanal,GB
ObjectId(5fcd50d9a0081a6c47fce18d),Ghostcorps,US
ObjectId(5fcd50d9a0081a6c47fce18e),The Montecito Picture Company,US
ObjectId(5fcd50d9a0081a6c47fce18f),Crystal Sky Pictures,
ObjectId(5fcd50d9a0081a6c47fce190),GH One,
ObjectId(5fcd50d9a0081a6c47fce191),Vengeance Productions Pty. Ltd.,
ObjectId(5fcd50d9a0081a6c47fce192),Reliance Big Entertainment,
ObjectId(5fcd50d9a0081a6c47fce193),Marmalade Films Ltd.,
ObjectId(5fcd50d9a0081a6c47fce194),Big Talk Productions,GB
ObjectId(5fcd50d9a0081a6c47fce195),TPS Star,FR
ObjectId(5fcd50d9a0081a6c47fce196),All Pictures Media,
ObjectId(5fcd50d9a0081a6c47fce197),MTV Films,US
ObjectId(5fcd50d9a0081a6c47fce198),Deutscher Filmförderfonds,DE
ObjectId(5fcd50d9a0081a6c47fce199),Lawrence Bender Productions,US
ObjectId(5fcd50d9a0081a6c47fce19a),Be Gentlemen Limited Partnership,
ObjectId(5fcd50d9a0081a6c47fce19b),BNP Paribas,FR
ObjectId(5fcd50d9a0081a6c47fce19c),Belga Films,BE
ObjectId(5fcd50d9a0081a6c47fce19d),River Road Entertainment,US
ObjectId(5fcd50d9a0081a6c47fce19e),Universum Film (UFA),DE
ObjectId(5fcd50d9a0081a6c47fce19f),Fundamental Films,CN
ObjectId(5fcd50d9a0081a6c47fce1a0),Gulf Film,
ObjectId(5fcd50d9a0081a6c47fce1a1),Novo Pictures,
ObjectId(5fcd50d9a0081a6c47fce1a2),Orange Studio,FR
ObjectId(5fcd50d9a0081a6c47fce1a3),Turnpike Films,US
ObjectId(5fcd50d9a0081a6c47fce1a4),Aardman Animations,GB
ObjectId(5fcd50d9a0081a6c47fce1a5),Pathé!,FR
ObjectId(5fcd50d9a0081a6c47fce1a6),Huayi Brothers,HK
ObjectId(5fcd50d9a0081a6c47fce1a7),Hiett Designs of Las Vegas,
ObjectId(5fcd50d9a0081a6c47fce1a8),Kouf/Bigelow Productions,
ObjectId(5fcd50d9a0081a6c47fce1a9),Runway Pictures Inc,
ObjectId(5fcd50d9a0081a6c47fce1aa),Geffen Pictures,
ObjectId(5fcd50d9a0081a6c47fce1ab),LOVEFiLM International,
ObjectId(5fcd50d9a0081a6c47fce1ac),Buena Vista Pictures,
ObjectId(5fcd50d9a0081a6c47fce1ad),Sonnenfeld Josephson Worldwide Entertainment,
ObjectId(5fcd50d9a0081a6c47fce1ae),"Todman, Simon, LeMasters Productions",
ObjectId(5fcd50d9a0081a6c47fce1af),Electric Entertainment,US
ObjectId(5fcd50d9a0081a6c47fce1b0),LSG Productions,
ObjectId(5fcd50d9a0081a6c47fce1b1),"H2L Media ""AKA"" Mutual Film Company",
ObjectId(5fcd50d9a0081a6c47fce1b2),H2L Media Group,
ObjectId(5fcd50d9a0081a6c47fce1b3),Mutual Films,
ObjectId(5fcd50d9a0081a6c47fce1b4),Edge City,
ObjectId(5fcd50d9a0081a6c47fce1b5),Artists First,US
ObjectId(5fcd50d9a0081a6c47fce1b6),Principato-Young Entertainment,
ObjectId(5fcd50d9a0081a6c47fce1b7),Albert S. Ruddy Productions,
ObjectId(5fcd50d9a0081a6c47fce1b8),Harbinger Pictures,US
ObjectId(5fcd50d9a0081a6c47fce1b9),Karz Entertainment,
ObjectId(5fcd50d9a0081a6c47fce1ba),Rice Films,
ObjectId(5fcd50d9a0081a6c47fce1bb),Mace Neufeld Productions,US
ObjectId(5fcd50d9a0081a6c47fce1bc),Smart Entertainment,
ObjectId(5fcd50d9a0081a6c47fce1bd),American Zoetrope,US
ObjectId(5fcd50d9a0081a6c47fce1be),Osiris Films,US
ObjectId(5fcd50d9a0081a6c47fce1bf),Infinite Detective,
ObjectId(5fcd50d9a0081a6c47fce1c0),Secret Machine Entertainment,
ObjectId(5fcd50d9a0081a6c47fce1c1),UK Government's High End Television Tax Relief,
ObjectId(5fcd50d9a0081a6c47fce1c2),Government of Australia,
ObjectId(5fcd50d9a0081a6c47fce1c3),South Australian Film Corporation,AU
ObjectId(5fcd50d9a0081a6c47fce1c4),Broken Road Productions,US
ObjectId(5fcd50d9a0081a6c47fce1c5),Misher Films,US
ObjectId(5fcd50d9a0081a6c47fce1c6),Kalima Productions GmbH & Co. KG,
ObjectId(5fcd50d9a0081a6c47fce1c7),Baltimore Pictures,
ObjectId(5fcd50d9a0081a6c47fce1c8),Great American Films Limited Partnership,
ObjectId(5fcd50d9a0081a6c47fce1c9),Vestron Pictures,
ObjectId(5fcd50d9a0081a6c47fce1ca),Cappa Productions,
ObjectId(5fcd50d9a0081a6c47fce1cb),Columbia Pictures Film Production Asia,
ObjectId(5fcd50d9a0081a6c47fce1cc),EDKO Film,
ObjectId(5fcd50d9a0081a6c47fce1cd),Asia Union Film & Entertainment Ltd.,
ObjectId(5fcd50d9a0081a6c47fce1ce),United China Vision,
ObjectId(5fcd50d9a0081a6c47fce1cf),Zoom Hunt International Productions Company Ltd.,
ObjectId(5fcd50d9a0081a6c47fce1d0),Gunn Films,
ObjectId(5fcd50d9a0081a6c47fce1d1),Fountainbridge Films,
ObjectId(5fcd50d9a0081a6c47fce1d2),Samuel Goldwyn Films,US
ObjectId(5fcd50d9a0081a6c47fce1d3),Fortis Films,
ObjectId(5fcd50d9a0081a6c47fce1d4),Le Grisbi Productions,US
ObjectId(5fcd50d9a0081a6c47fce1d5),Crave Films,US
ObjectId(5fcd50d9a0081a6c47fce1d6),ScreenWest,
ObjectId(5fcd50d9a0081a6c47fce1d7),Kanzaman,ES
ObjectId(5fcd50d9a0081a6c47fce1d8),Dune Films,MA
ObjectId(5fcd50d9a0081a6c47fce1d9),BK,GB
ObjectId(5fcd50d9a0081a6c47fce1da),KOH,US
ObjectId(5fcd50d9a0081a6c47fce1db),Reino del Cielo,ES
ObjectId(5fcd50d9a0081a6c47fce1dc),Inside Track 3,GB
ObjectId(5fcd50d9a0081a6c47fce1dd),Calle Cruzada,ES
ObjectId(5fcd50d9a0081a6c47fce1de),Block / Hanson,US
ObjectId(5fcd50d9a0081a6c47fce1df),District 9,
ObjectId(5fcd50d9a0081a6c47fce1e0),Key Creatives,
ObjectId(5fcd50d9a0081a6c47fce1e1),New Zealand Post Digital and Visual Effects Grant,
ObjectId(5fcd50d9a0081a6c47fce1e2),Icon Entertainment International,GB
ObjectId(5fcd50d9a0081a6c47fce1e3),The Ladd Company,US
ObjectId(5fcd50d9a0081a6c47fce1e4),B.H. Finance C.V.,
ObjectId(5fcd50d9a0081a6c47fce1e5),Sogecine,
ObjectId(5fcd50d9a0081a6c47fce1e6),Las Producciones del Escorpion,
ObjectId(5fcd50d9a0081a6c47fce1e7),Lucky Red,IT
ObjectId(5fcd50d9a0081a6c47fce1e8),Rat Entertainment,
ObjectId(5fcd50d9a0081a6c47fce1e9),Pan Productions,DE
ObjectId(5fcd50d9a0081a6c47fce1ea),A113,
ObjectId(5fcd50d9a0081a6c47fce1eb),Kumar Mobiliengesellschaft mbH & Co. Projekt Nr. 2 KG,
ObjectId(5fcd50d9a0081a6c47fce1ec),Enlight Pictures,
ObjectId(5fcd50d9a0081a6c47fce1ed),USA Films,
ObjectId(5fcd50d9a0081a6c47fce1ee),Compulsion Inc.,
ObjectId(5fcd50d9a0081a6c47fce1ef),Splendid Medien AG,
ObjectId(5fcd50d9a0081a6c47fce1f0),Mediastream Film GmbH & Co. Productions KG,
ObjectId(5fcd50d9a0081a6c47fce1f1),Ex3 Productions,
ObjectId(5fcd50d9a0081a6c47fce1f2),Fipex Holding,
ObjectId(5fcd50d9a0081a6c47fce1f3),Mandalay Pictures,US
ObjectId(5fcd50d9a0081a6c47fce1f4),Karol Film Productions,
ObjectId(5fcd50d9a0081a6c47fce1f5),LHF Film,
ObjectId(5fcd50d9a0081a6c47fce1f6),Gerard Butler Alan Siegel Entertainment,
ObjectId(5fcd50d9a0081a6c47fce1f7),Nu Boyana Film Studios,
ObjectId(5fcd50d9a0081a6c47fce1f8),Solana Films,
ObjectId(5fcd50d9a0081a6c47fce1f9),Room 101,
ObjectId(5fcd50d9a0081a6c47fce1fa),Wild West Picture Show Productions,US
ObjectId(5fcd50d9a0081a6c47fce1fb),Ixtlan Productions,
ObjectId(5fcd50d9a0081a6c47fce1fc),Alcor Films,
ObjectId(5fcd50d9a0081a6c47fce1fd),Camelot Pictures,
ObjectId(5fcd50d9a0081a6c47fce1fe),Iron Horse Entertainment,US
ObjectId(5fcd50d9a0081a6c47fce1ff),Mythology Entertainment,US
ObjectId(5fcd50d9a0081a6c47fce200),Red Om Films,US
ObjectId(5fcd50d9a0081a6c47fce201),World 2000 Entertainment,IE
ObjectId(5fcd50d9a0081a6c47fce202),Green Hills Productions,
ObjectId(5fcd50d9a0081a6c47fce203),RVK Studios,IS
ObjectId(5fcd50d9a0081a6c47fce204),Free State Pictures,
ObjectId(5fcd50d9a0081a6c47fce205),Lava Bear Films,US
ObjectId(5fcd50d9a0081a6c47fce206),Xenolinguistics,
ObjectId(5fcd50d9a0081a6c47fce207),Bandito Brothers,US
ObjectId(5fcd50d9a0081a6c47fce208),Electronic Arts,US
ObjectId(5fcd50d9a0081a6c47fce209),Cinesite Animation,CA
ObjectId(5fcd50d9a0081a6c47fce20a),Nitrogen Studios Canada,CA
ObjectId(5fcd50d9a0081a6c47fce20b),The Yomiuri Shimbun,
ObjectId(5fcd50d9a0081a6c47fce20c),Hakuhodo DY Media Partners,JP
ObjectId(5fcd50d9a0081a6c47fce20d),Lawson,
ObjectId(5fcd50d9a0081a6c47fce20e),Taikei Office,
ObjectId(5fcd50d9a0081a6c47fce20f),Asahi Soft Drinks Company,
ObjectId(5fcd50d9a0081a6c47fce210),Bungalow 78 Productions,
ObjectId(5fcd50d9a0081a6c47fce211),Blue Wolf,
ObjectId(5fcd50d9a0081a6c47fce212),Farrell/Minoff,
ObjectId(5fcd50d9a0081a6c47fce213),JC 23 Entertainment,
ObjectId(5fcd50d9a0081a6c47fce214),Orange Sky Golden Harvest,HK
ObjectId(5fcd50d9a0081a6c47fce215),LuckyChap Entertainment,GB
ObjectId(5fcd50d9a0081a6c47fce216),Kroll & Co Entertainment,US
ObjectId(5fcd50d9a0081a6c47fce217),Clubhouse Pictures,US
ObjectId(5fcd50d9a0081a6c47fce218),Broken Chair Flickz,
ObjectId(5fcd50d9a0081a6c47fce219),Cube Vision,US
ObjectId(5fcd50d9a0081a6c47fce21a),Crucial Films,
ObjectId(5fcd50d9a0081a6c47fce21b),Rhythm and Hues,
ObjectId(5fcd50d9a0081a6c47fce21c),Picnic Basket,
ObjectId(5fcd50d9a0081a6c47fce21d),Nina Saxon Film Design,
ObjectId(5fcd50d9a0081a6c47fce21e),Achte Babelsberg Film,
ObjectId(5fcd50d9a0081a6c47fce21f),Panpokopina,JP
ObjectId(5fcd50d9a0081a6c47fce220),ENBU Seminar,
ObjectId(5fcd50d9a0081a6c47fce221),U.S. War Department,
ObjectId(5fcd50d9a0081a6c47fce222),Total Recall,
ObjectId(5fcd50d9a0081a6c47fce223),Prime Focus,IN
ObjectId(5fcd50d9a0081a6c47fce224),Rekall Productions,
ObjectId(5fcd50d9a0081a6c47fce225),Monarchy Enterprises B.V.,
ObjectId(5fcd50d9a0081a6c47fce226),Taurus Film,DE
ObjectId(5fcd50d9a0081a6c47fce227),Apaches Entertainment,ES
ObjectId(5fcd50d9a0081a6c47fce228),Canal+ España,ES
ObjectId(5fcd50d9a0081a6c47fce229),ICAA,ES
ObjectId(5fcd50d9a0081a6c47fce22a),Institut Valenciã de Cinematografia (IVAC),
ObjectId(5fcd50d9a0081a6c47fce22b),Mediaset España,ES
ObjectId(5fcd50d9a0081a6c47fce22c),La Trini,
ObjectId(5fcd50d9a0081a6c47fce22d),Generalitat Valenciana,
ObjectId(5fcd50d9a0081a6c47fce22e),Telecinco Cinema,ES
ObjectId(5fcd50d9a0081a6c47fce22f),Big Kid Pictures,
ObjectId(5fcd50d9a0081a6c47fce230),Hofflund/Polone,
ObjectId(5fcd50d9a0081a6c47fce231),Indelible Pictures,
ObjectId(5fcd50d9a0081a6c47fce232),LBI Productions,
ObjectId(5fcd50d9a0081a6c47fce233),Internationale Filmproduktion Stella-del-Sud Second,DE
ObjectId(5fcd50d9a0081a6c47fce234),Bull Productions,
ObjectId(5fcd50d9a0081a6c47fce235),Pariah Entertainment Group,
ObjectId(5fcd50d9a0081a6c47fce236),MFP Munich Film Partners GmbH & Company I. Produktions KG,
ObjectId(5fcd50d9a0081a6c47fce237),S.O.A.F. Productions,
ObjectId(5fcd50d9a0081a6c47fce238),Alberto Grimaldi Productions,
ObjectId(5fcd50d9a0081a6c47fce239),Filmko Pictures,
ObjectId(5fcd50d9a0081a6c47fce23a),Lonetree Entertainment,US
ObjectId(5fcd50d9a0081a6c47fce23b),Carnival Films & Television,GB
ObjectId(5fcd50d9a0081a6c47fce23c),Robert Simonds Productions,US
ObjectId(5fcd50d9a0081a6c47fce23d),Arnold Kopelson Productions,
ObjectId(5fcd50d9a0081a6c47fce23e),Punch Productions,
ObjectId(5fcd50d9a0081a6c47fce23f),Outlaw Productions,US
ObjectId(5fcd50d9a0081a6c47fce240),Starz Animation,
ObjectId(5fcd50d9a0081a6c47fce241),Rocket Pictures,GB
ObjectId(5fcd50d9a0081a6c47fce242),Arc Productions,
ObjectId(5fcd50d9a0081a6c47fce243),Haarika & Hassine Creations,IN
ObjectId(5fcd50d9a0081a6c47fce244),Ten Thirteen Productions,
ObjectId(5fcd50d9a0081a6c47fce245),Stephen J. Cannell Productions,US
ObjectId(5fcd50d9a0081a6c47fce246),Storyville,
ObjectId(5fcd50d9a0081a6c47fce247),75 Year Plan Productions,
ObjectId(5fcd50d9a0081a6c47fce248),Down Productions,
ObjectId(5fcd50d9a0081a6c47fce249),STORY inc.,JP
ObjectId(5fcd50d9a0081a6c47fce24a),Kadokawa Corporation,JP
ObjectId(5fcd50d9a0081a6c47fce24b),jeki,JP
ObjectId(5fcd50d9a0081a6c47fce24c),voque ting,JP
ObjectId(5fcd50d9a0081a6c47fce24d),Lawson Entertainment,US
ObjectId(5fcd50d9a0081a6c47fce24e),Wildwood Enterprises,US
ObjectId(5fcd50d9a0081a6c47fce24f),iQiyi Motion Pictures,CN
ObjectId(5fcd50d9a0081a6c47fce250),杭州黑马影视文化有限公司,
ObjectId(5fcd50d9a0081a6c47fce251),SMG尚视影业,
ObjectId(5fcd50d9a0081a6c47fce252),东方卫视,
ObjectId(5fcd50d9a0081a6c47fce253),南京大道行知文化传媒有限公司,
ObjectId(5fcd50d9a0081a6c47fce254),北京鑫宝源影视投资有限公司,
ObjectId(5fcd50d9a0081a6c47fce255),北京摩天轮文化传媒有限公司,
ObjectId(5fcd50d9a0081a6c47fce256),Mars Media Beteiligungs,
ObjectId(5fcd50d9a0081a6c47fce257),Konrad Pictures,
ObjectId(5fcd50d9a0081a6c47fce258),Catfish Productions,
ObjectId(5fcd50d9a0081a6c47fce259),Parallel Zide,US
ObjectId(5fcd50d9a0081a6c47fce25a),Practical Pictures,
ObjectId(5fcd50d9a0081a6c47fce25b),40 Acres & A Mule Filmworks,US
ObjectId(5fcd50d9a0081a6c47fce25c),Anarchos Productions,
ObjectId(5fcd50d9a0081a6c47fce25d),STX Entertainment,US
ObjectId(5fcd50d9a0081a6c47fce25e),Huayi Brothers Pictures,CN
ObjectId(5fcd50d9a0081a6c47fce25f),BillBlock Media,US
ObjectId(5fcd50d9a0081a6c47fce260),Suzanne Todd Productions,US
ObjectId(5fcd50d9a0081a6c47fce261),Cruella Productions,
ObjectId(5fcd50d9a0081a6c47fce262),Ghost House Pictures,US
ObjectId(5fcd50d9a0081a6c47fce263),Fellah Pictures,
ObjectId(5fcd50d9a0081a6c47fce264),Senator International,
ObjectId(5fcd50d9a0081a6c47fce265),SLM Production Group,US
ObjectId(5fcd50d9a0081a6c47fce266),Hey Eddie,US
ObjectId(5fcd50d9a0081a6c47fce267),Yucaipa Films,
ObjectId(5fcd50d9a0081a6c47fce268),Goldmann Pictures,
ObjectId(5fcd50d9a0081a6c47fce269),Misha Films,
ObjectId(5fcd50d9a0081a6c47fce26a),Doom Buggy Productions,
ObjectId(5fcd50d9a0081a6c47fce26b),Caravan Pictures,US
ObjectId(5fcd50d9a0081a6c47fce26c),Fine Arts Films,
ObjectId(5fcd50d9a0081a6c47fce26d),Next Entertainment,
ObjectId(5fcd50d9a0081a6c47fce26e),Irwin Allen Productions,
ObjectId(5fcd50d9a0081a6c47fce26f),Synthesis Entertainment,
ObjectId(5fcd50d9a0081a6c47fce270),Super Cool ManChu,
ObjectId(5fcd50d9a0081a6c47fce271),D&D Films,
ObjectId(5fcd50d9a0081a6c47fce272),Pigeon Creek Films,
ObjectId(5fcd50d9a0081a6c47fce273),Star Thrower Entertainment,US
ObjectId(5fcd50d9a0081a6c47fce274),Via Rosa Productions,
ObjectId(5fcd50d9a0081a6c47fce275),Four By Two Productions,
ObjectId(5fcd50d9a0081a6c47fce276),JD Productions,
ObjectId(5fcd50d9a0081a6c47fce277),International Production Company,
ObjectId(5fcd50d9a0081a6c47fce278),Mediastream Dritte Film GmbH & Co. Beteiligungs KG,
ObjectId(5fcd50d9a0081a6c47fce279),Loofah Productions,
ObjectId(5fcd50d9a0081a6c47fce27a),415 Project,
ObjectId(5fcd50d9a0081a6c47fce27b),Scary Movie 4,
ObjectId(5fcd50d9a0081a6c47fce27c),Pacific Western,US
ObjectId(5fcd50d9a0081a6c47fce27d),Alberta Film Entertainment,
ObjectId(5fcd50d9a0081a6c47fce27e),Uncharted,US
ObjectId(5fcd50d9a0081a6c47fce27f),Fremantle Productions,GB
ObjectId(5fcd50d9a0081a6c47fce280),Lonlink Productions,
ObjectId(5fcd50d9a0081a6c47fce281),Kut Productions,
ObjectId(5fcd50d9a0081a6c47fce282),Inside Track Films,
ObjectId(5fcd50d9a0081a6c47fce283),Charenton Productions Limited,
ObjectId(5fcd50d9a0081a6c47fce284),Beijing New Picture Film Co. Ltd.,
ObjectId(5fcd50d9a0081a6c47fce285),Ad Hominem Enterprises,
ObjectId(5fcd50d9a0081a6c47fce286),Phoenix Film Partners,
ObjectId(5fcd50d9a0081a6c47fce287),Apple / Rose,US
ObjectId(5fcd50d9a0081a6c47fce288),Spring Creek Productions,US
ObjectId(5fcd50d9a0081a6c47fce289),A-Line Pictures,
ObjectId(5fcd50d9a0081a6c47fce28a),Priority Pictures,
ObjectId(5fcd50d9a0081a6c47fce28b),Bloom,US
ObjectId(5fcd50d9a0081a6c47fce28c),Screen Media Films,
ObjectId(5fcd50d9a0081a6c47fce28d),Campbell Grobman Films,US
ObjectId(5fcd50d9a0081a6c47fce28e),Cristaldi Pictures,IT
ObjectId(5fcd50d9a0081a6c47fce28f),East Light Media,HK
ObjectId(5fcd50d9a0081a6c47fce290),Tom de Mol Productions,NL
ObjectId(5fcd50d9a0081a6c47fce291),UGC,FR
ObjectId(5fcd50d9a0081a6c47fce292),Two Ton Films,
ObjectId(5fcd50d9a0081a6c47fce293),Zadan / Meron Productions,
ObjectId(5fcd50d9a0081a6c47fce294),Reiner / Greisman Productions,
ObjectId(5fcd50d9a0081a6c47fce295),Vendian Entertainment,US
ObjectId(5fcd50d9a0081a6c47fce296),IM Global,US
ObjectId(5fcd50d9a0081a6c47fce297),Pandemonium,
ObjectId(5fcd50d9a0081a6c47fce298),Demarest Films,
ObjectId(5fcd50d9a0081a6c47fce299),Platinum Studios,
ObjectId(5fcd50d9a0081a6c47fce29a),Imperative Entertainment,US
ObjectId(5fcd50d9a0081a6c47fce29b),Indian Paintbrush,US
ObjectId(5fcd50d9a0081a6c47fce29c),American Empirical Pictures,US
ObjectId(5fcd50d9a0081a6c47fce29d),Stuber Productions,
ObjectId(5fcd50d9a0081a6c47fce29e),Aggregate Films,US
ObjectId(5fcd50d9a0081a6c47fce29f),DumbDumb,
ObjectId(5fcd50d9a0081a6c47fce2a0),Lucky Strike Film Studios,
ObjectId(5fcd50d9a0081a6c47fce2a1),France 3 Cinéma,FR
ObjectId(5fcd50d9a0081a6c47fce2a2),Claudie Ossard Productions,
ObjectId(5fcd50d9a0081a6c47fce2a3),MMC Independent,
ObjectId(5fcd50d9a0081a6c47fce2a4),Tapioca Films,
ObjectId(5fcd50d9a0081a6c47fce2a5),Sofica Sofinergie 5,
ObjectId(5fcd50d9a0081a6c47fce2a6),Victoires Productions,
ObjectId(5fcd50d9a0081a6c47fce2a7),Filmstiftung Nordrhein-Westfalen,DE
ObjectId(5fcd50d9a0081a6c47fce2a8),Union Générale Cinématographique (UGC),FR
ObjectId(5fcd50d9a0081a6c47fce2a9),Fosun Group Forever Pictures,
ObjectId(5fcd50d9a0081a6c47fce2aa),Guy Walks into a Bar Productions,
ObjectId(5fcd50d9a0081a6c47fce2ab),Woods Entertainment,CA
ObjectId(5fcd50d9a0081a6c47fce2ac),Bona Fide Productions,US
ObjectId(5fcd50d9a0081a6c47fce2ad),Castel Film,RO
ObjectId(5fcd50d9a0081a6c47fce2ae),Cattleya,IT
ObjectId(5fcd50d9a0081a6c47fce2af),Boxing Cat Films,
ObjectId(5fcd50d9a0081a6c47fce2b0),Maven Entertainment,
ObjectId(5fcd50d9a0081a6c47fce2b1),Dimension Pictures,US
ObjectId(5fcd50d9a0081a6c47fce2b2),Paramount Vantage,US
ObjectId(5fcd50d9a0081a6c47fce2b3),Out of the Blue... Entertainment,
ObjectId(5fcd50d9a0081a6c47fce2b4),South Side Amusement Company,
ObjectId(5fcd50d9a0081a6c47fce2b5),Liberty Pictures,
ObjectId(5fcd50d9a0081a6c47fce2b6),Iguana Producciones,
ObjectId(5fcd50d9a0081a6c47fce2b7),AR-TL,
ObjectId(5fcd50d9a0081a6c47fce2b8),Penn Station Entertainment,
ObjectId(5fcd50d9a0081a6c47fce2b9),Zookeeper Productions,
ObjectId(5fcd50d9a0081a6c47fce2ba),Conundrum Entertainment,
ObjectId(5fcd50d9a0081a6c47fce2bb),Weying Galaxy Entertainment,
ObjectId(5fcd50d9a0081a6c47fce2bc),Arad Productions,US
ObjectId(5fcd50d9a0081a6c47fce2bd),Grosvenor Park Productions,US
ObjectId(5fcd50d9a0081a6c47fce2be),Steven Paul Production,
ObjectId(5fcd50d9a0081a6c47fce2bf),Seaside Entertainment,
ObjectId(5fcd50d9a0081a6c47fce2c0),Classico,
ObjectId(5fcd50d9a0081a6c47fce2c1),Prospect Park,
ObjectId(5fcd50d9a0081a6c47fce2c2),Firm Films,
ObjectId(5fcd50d9a0081a6c47fce2c3),Millbrook Farm Productions,
ObjectId(5fcd50d9a0081a6c47fce2c4),WR Universal Group,
ObjectId(5fcd50d9a0081a6c47fce2c5),Pathé Renn Productions,FR
ObjectId(5fcd50d9a0081a6c47fce2c6),Egmond Film & Television,
ObjectId(5fcd50d9a0081a6c47fce2c7),Pacifica Film,
ObjectId(5fcd50d9a0081a6c47fce2c8),Extension 765,US
ObjectId(5fcd50d9a0081a6c47fce2c9),Stage 6 Films,US
ObjectId(5fcd50d9a0081a6c47fce2ca),Propaganda Films,
